12/18/2016,12/31/2016,1
1/1/2017,1/14/2017,2
1/15/2017,1/28/2017,3
1/29/2017,2/11/2017,4
2/12/2017,2/25/2017,5
2/26/2017,3/11/2017,6
3/12/2017,3/25/2017,7
3/26/2017,4/8/2017,8
4/9/2017,4/22/2017,9
4/23/2017,5/6/2017,10
5/7/2017,5/20/2017,11
5/21/2017,6/3/2017,12
6/4/2017,6/17/2017,13
6/18/2017,7/1/2017,14
7/2/2017,7/15/2017,
7/16/2017,7/29/2017,
7/30/2017,8/12/2017,
8/13/2017,8/26/2017,
8/27/2017,9/9/2017,
9/10/2017,9/23/2017,
9/24/2017,10/7/2017,
10/8/2017,10/21/2017,
10/22/2017,11/4/2017,
11/5/2017,11/18/2017,
11/19/2017,12/2/2017,
12/3/2017,12/16/2017,
